1692316800000,26623.41000000,26664.25000000,26593.86000000,26664.24000000,454.25655000,1692317099999,12091507.63079860,9759,276.77358000,7366629.30189620,0
1692317100000,26664.25000000,26816.00000000,26664.24000000,26764.40000000,457.49940000,1692317399999,12233444.43052120,11266,272.20270000,7277621.16088090,0
1692317400000,26764.39000000,26832.60000000,26700.36000000,26782.12000000,595.29715000,1692317699999,15944912.84329790,12127,337.13650000,9029926.94394770,0
1692317700000,26782.13000000,26800.00000000,26719.11000000,26759.79000000,353.65790000,1692317999999,9466833.85867140,8553,161.99186000,4336457.98125190,0
1692318000000,26759.80000000,26794.64000000,26732.58000000,26732.59000000,317.91395000,1692318299999,8509002.94075330,7651,173.88790000,4654126.43191440,0
1692318300000,26732.59000000,26774.00000000,26723.14000000,26732.99000000,258.42898000,1692318599999,6911380.09558870,6342,142.58485000,3813152.57643370,0
1692318600000,26733.00000000,26746.00000000,26676.38000000,26681.33000000,422.73109000,1692318899999,11286103.78273750,8319,241.23207000,6439606.04725530,0
1692318900000,26681.34000000,26730.00000000,26666.00000000,26711.33000000,284.15443000,1692319199999,7587823.59663420,6458,158.98911000,4245176.13084030,0
1692319200000,26711.32000000,26736.32000000,26691.40000000,26692.27000000,181.95372000,1692319499999,4860059.15973670,4449,92.70494000,2476056.08739760,0
1692319500000,26692.28000000,26706.00000000,26650.00000000,26658.88000000,260.14507000,1692319799999,6941667.77950290,5844,116.27320000,3102644.23606050,0
1692319800000,26658.88000000,26689.57000000,26658.87000000,26671.59000000,212.00384000,1692320099999,5654652.53587770,4577,112.50987000,3000761.92707990,0
1692320100000,26671.59000000,26748.00000000,26671.09000000,26737.30000000,232.30023000,1692320399999,6206145.32257020,4848,126.17971000,3371084.28012010,0
1692320400000,26737.30000000,26759.96000000,26689.38000000,26689.99000000,287.96608000,1692320699999,7695601.90351690,5337,137.99705000,3688018.38737200,0
1692320700000,26689.99000000,26690.00000000,26666.00000000,26666.01000000,223.15563000,1692320999999,5954187.67265070,4406,105.99562000,2828060.64652750,0
1692321000000,26666.01000000,26676.00000000,26590.16000000,26590.17000000,218.84355000,1692321299999,5827851.30170680,6339,88.60472000,2359708.08531540,0
1692321300000,26590.17000000,26631.14000000,26582.52000000,26593.35000000,264.73541000,1692321599999,7043323.88642520,5303,146.14900000,3888487.63568420,0
1692321600000,26593.34000000,26620.00000000,26584.65000000,26619.99000000,126.19237000,1692321899999,3356974.43679210,3160,84.39237000,2244937.23667320,0
1692321900000,26619.99000000,26659.22000000,26600.13000000,26600.14000000,235.87440000,1692322199999,6280683.89418240,4272,108.27153000,2882739.16889350,0
1692322200000,26600.13000000,26617.34000000,26585.32000000,26586.00000000,330.47953000,1692322499999,8791000.71821010,4565,193.09413000,5136115.35393400,0
1692322500000,26586.01000000,26606.00000000,26569.46000000,26596.27000000,354.09128000,1692322799999,9416157.38484820,4947,188.11472000,5001856.61095750,0
1692322800000,26596.26000000,26653.99000000,26596.26000000,26649.99000000,203.66136000,1692323099999,5424734.13452180,3936,119.82612000,3191181.28567910,0
1692323100000,26649.99000000,26655.71000000,26588.00000000,26588.78000000,133.01825000,1692323399999,3540642.87307840,3470,47.45766000,1263032.72853410,0
1692323400000,26588.78000000,26596.00000000,26564.00000000,26567.58000000,150.52780000,1692323699999,4001270.94594070,3645,64.30329000,1709216.20990740,0
1692323700000,26567.58000000,26622.86000000,26567.58000000,26613.49000000,127.27503000,1692323999999,3385448.29097520,2956,77.97972000,2073899.81994990,0
1692324000000,26613.49000000,26622.00000000,26600.00000000,26612.00000000,137.96385000,1692324299999,3671312.42688940,4006,68.83302000,1831669.21997860,0
1692324300000,26611.99000000,26645.74000000,26610.04000000,26633.32000000,147.56259000,1692324599999,3929048.85233740,3274,89.55130000,2384300.03905780,0
1692324600000,26633.33000000,26684.64000000,26630.66000000,26672.00000000,199.00083000,1692324899999,5306513.02233570,3842,126.30249000,3367826.26715890,0
1692324900000,26672.00000000,26684.12000000,26640.00000000,26648.72000000,273.23787000,1692325199999,7286970.33455840,3742,137.58807000,3668993.07258400,0
1692325200000,26648.72000000,26648.72000000,26601.93000000,26609.34000000,119.54618000,1692325499999,3182952.50680840,3199,47.24807000,1257857.56489360,0
1692325500000,26609.34000000,26609.35000000,26585.86000000,26600.00000000,151.66179000,1692325799999,4033730.59644250,3093,48.62009000,1292951.03770960,0
1692325800000,26600.00000000,26609.32000000,26585.17000000,26585.69000000,105.37257000,1692326099999,2802855.13898950,2659,40.96898000,1089712.25278620,0
1692326100000,26585.69000000,26590.75000000,26575.00000000,26576.06000000,110.76208000,1692326399999,2944058.47424570,2328,48.15235000,1279864.95705970,0
1692326400000,26576.05000000,26592.72000000,26518.22000000,26518.47000000,352.90686000,1692326699999,9373739.89158360,6895,147.75141000,3924423.24251850,0
1692326700000,26518.46000000,26560.33000000,26518.46000000,26522.01000000,152.04863000,1692326999999,4034730.92871170,3902,67.77672000,1798473.88268300,0
1692327000000,26522.01000000,26573.08000000,26517.12000000,26535.00000000,310.17768000,1692327299999,8232248.84228240,4770,210.80321000,5594412.09303770,0
1692327300000,26535.00000000,26536.00000000,26466.00000000,26482.13000000,349.28769000,1692327599999,9256570.62204210,6974,132.38824000,3507670.24640860,0
1692327600000,26482.13000000,26513.80000000,26470.88000000,26502.01000000,165.76534000,1692327899999,4391419.90759630,3826,87.23139000,2310917.20493040,0
1692327900000,26502.01000000,26506.71000000,26446.62000000,26459.12000000,217.74430000,1692328199999,5765873.82542020,4485,92.74842000,2455903.97021560,0
1692328200000,26459.11000000,26477.22000000,26408.10000000,26412.76000000,273.62174000,1692328499999,7233876.71327490,6206,113.43653000,2999049.66800570,0
1692328500000,26412.75000000,26451.59000000,26400.10000000,26424.00000000,234.61614000,1692328799999,6199158.39656730,4887,113.86973000,3008674.76269600,0
1692328800000,26424.00000000,26450.20000000,26416.00000000,26448.92000000,125.18147000,1692329099999,3308131.63282840,3617,69.98276000,1849376.79760550,0
1692329100000,26448.92000000,26463.07000000,26426.73000000,26450.01000000,134.83559000,1692329399999,3565454.25749760,3162,54.94011000,1452582.41995040,0
1692329400000,26450.01000000,26517.80000000,26446.00000000,26491.56000000,222.71291000,1692329699999,5899686.32562830,4534,127.37136000,3374121.81266480,0
1692329700000,26491.56000000,26494.20000000,26470.02000000,26476.55000000,150.09433000,1692329999999,3974909.44065490,3379,65.92764000,1745854.94612000,0
1692330000000,26476.55000000,26476.56000000,26405.27000000,26411.12000000,346.83212000,1692330299999,9171677.65527630,5459,180.59642000,4775851.38400810,0
1692330300000,26411.11000000,26420.92000000,26322.95000000,26322.95000000,422.12623000,1692330599999,11135341.11806670,8343,165.51812000,4365866.92833440,0
1692330600000,26322.95000000,26385.37000000,26321.18000000,26384.14000000,194.25381000,1692330899999,5120923.67200800,4583,118.33398000,3119219.14953050,0
1692330900000,26384.15000000,26409.99000000,26370.70000000,26398.00000000,163.80494000,1692331199999,4323614.73895230,3750,81.97236000,2163431.36171240,0
1692331200000,26397.99000000,26414.88000000,26395.00000000,26412.99000000,133.12316000,1692331499999,3515106.05113910,3446,72.97906000,1926980.74410430,0
1692331500000,26412.98000000,26417.00000000,26402.26000000,26408.25000000,117.24822000,1692331799999,3096706.60441160,3274,71.86844000,1898152.85917860,0
1692331800000,26408.26000000,26439.58000000,26402.34000000,26422.02000000,165.43087000,1692332099999,4371363.85247520,3931,91.74359000,2423880.12620990,0
1692332100000,26422.02000000,26422.03000000,26338.87000000,26343.95000000,182.80832000,1692332399999,4822493.19645680,5312,93.31970000,2462093.31180180,0
1692332400000,26343.96000000,26347.83000000,26290.05000000,26302.02000000,356.95892000,1692332699999,9395906.96050250,6720,169.22756000,4453962.61180890,0
1692332700000,26302.02000000,26323.04000000,26157.71000000,26207.63000000,1059.26551000,1692332999999,27771947.71401930,16511,536.83797000,14072201.28429830,0
1692333000000,26207.63000000,26235.35000000,26190.00000000,26203.36000000,298.73301000,1692333299999,7829927.10322180,7137,189.91221000,4977542.17824200,0
1692333300000,26203.35000000,26231.60000000,26183.39000000,26201.19000000,371.00305000,1692333599999,9722924.83731420,6306,129.92693000,3404773.16061320,0
1692333600000,26201.18000000,26320.00000000,26201.18000000,26299.99000000,423.90673000,1692333899999,11139009.68091740,8659,224.77499000,5906093.89056400,0
1692333900000,26299.99000000,26300.00000000,26230.71000000,26230.71000000,231.64124000,1692334199999,6083646.00363710,6029,95.14506000,2498492.92762050,0
1692334200000,26230.72000000,26255.06000000,26208.44000000,26221.81000000,292.02902000,1692334499999,7658762.00217280,6490,158.07090000,4145300.22169870,0
1692334500000,26221.82000000,26267.94000000,26198.61000000,26267.94000000,329.22193000,1692334799999,8633496.09155180,4899,138.18172000,3625232.70560030,0
1692334800000,26267.93000000,26339.22000000,26262.47000000,26324.81000000,371.31091000,1692335099999,9766367.16774620,7313,225.56429000,5932700.64522910,0
1692335100000,26324.82000000,26327.79000000,26295.71000000,26314.01000000,330.87922000,1692335399999,8704091.55115820,5719,179.95162000,4733622.48343480,0
1692335400000,26314.00000000,26383.23000000,26313.99000000,26383.23000000,225.07703000,1692335699999,5930790.66525960,5424,132.64652000,3495243.89845310,0
1692335700000,26383.23000000,26394.39000000,26352.80000000,26362.38000000,246.18262000,1692335999999,6492238.42706670,4851,103.08963000,2718704.73532900,0
1692336000000,26362.39000000,26389.54000000,26362.38000000,26373.39000000,137.01683000,1692336299999,3613826.74196140,3257,68.44463000,1805062.22663330,0
1692336300000,26373.40000000,26445.28000000,26373.39000000,26442.01000000,198.44204000,1692336599999,5241144.67175140,4831,111.58691000,2946903.20547500,0
1692336600000,26442.01000000,26442.96000000,26418.72000000,26434.01000000,225.07747000,1692336899999,5949301.30927830,5071,115.41274000,3050543.99634430,0
1692336900000,26434.01000000,26534.97000000,26434.00000000,26488.41000000,404.48037000,1692337199999,10718052.92683840,8798,235.27201000,6233661.20061940,0
1692337200000,26488.41000000,26488.86000000,26428.23000000,26453.36000000,289.68560000,1692337499999,7663224.17187140,5987,125.28442000,3313631.63972260,0
1692337500000,26453.37000000,26473.33000000,26438.78000000,26457.23000000,195.96830000,1692337799999,5183809.88927070,4237,106.80247000,2825047.14751560,0
1692337800000,26457.23000000,26494.87000000,26442.20000000,26450.00000000,166.07267000,1692338099999,4395646.25516980,4662,74.69932000,1976939.43222970,0
1692338100000,26450.00000000,26454.00000000,26428.37000000,26443.76000000,192.40431000,1692338399999,5087205.89661720,4023,83.61709000,2210852.52789670,0
1692338400000,26443.75000000,26501.56000000,26443.75000000,26500.79000000,177.81681000,1692338699999,4708508.52664680,4308,102.87031000,2724163.99388750,0
1692338700000,26500.79000000,26519.61000000,26478.74000000,26487.57000000,316.84947000,1692338999999,8396950.21438650,5854,142.88479000,3786798.90961850,0
1692339000000,26487.57000000,26610.00000000,26487.56000000,26606.63000000,471.09551000,1692339299999,12513125.09592570,8656,258.04017000,6853729.56496540,0
1692339300000,26606.62000000,26608.38000000,26510.89000000,26538.92000000,470.80583000,1692339599999,12502911.40806290,9199,190.61169000,5061498.99376520,0
1692339600000,26538.93000000,26570.12000000,26538.92000000,26553.96000000,232.48457000,1692339899999,6173337.86616890,4709,127.37222000,3382098.74660410,0
1692339900000,26553.96000000,26557.88000000,26503.62000000,26512.90000000,289.68344000,1692340199999,7683870.88020870,5849,97.39053000,2582657.11157200,0
1692340200000,26512.91000000,26538.60000000,26504.00000000,26527.55000000,202.92212000,1692340499999,5381182.20914040,4128,98.91318000,2622966.25191320,0
1692340500000,26527.54000000,26592.20000000,26527.54000000,26574.29000000,363.50365000,1692340799999,9653457.34405590,5836,214.07487000,5683679.37143550,0
1692340800000,26574.29000000,26585.61000000,26564.86000000,26568.88000000,206.64888000,1692341099999,5491360.96032140,4406,100.76162000,2677495.16576560,0
1692341100000,26568.87000000,26568.88000000,26500.00000000,26512.05000000,193.50088000,1692341399999,5133193.06194790,4988,79.35045000,2104949.00767370,0
1692341400000,26512.06000000,26530.87000000,26494.00000000,26494.01000000,189.47967000,1692341699999,5023337.17673860,4180,65.55136000,1738022.30708880,0
1692341700000,26494.00000000,26525.84000000,26493.08000000,26502.66000000,229.52852000,1692341999999,6083395.27331310,5078,108.36709000,2871937.59307290,0
1692342000000,26502.67000000,26524.00000000,26471.15000000,26489.90000000,218.75408000,1692342299999,5795470.69738520,5824,93.36982000,2473608.31775850,0
1692342300000,26489.89000000,26527.45000000,26487.53000000,26518.23000000,173.03388000,1692342599999,4587569.87878650,3767,87.16612000,2310929.93528510,0
1692342600000,26518.22000000,26523.79000000,26477.09000000,26486.03000000,282.07686000,1692342899999,7473445.84100970,4640,129.72574000,3436661.35306070,0
1692342900000,26486.03000000,26492.00000000,26477.27000000,26488.77000000,196.24588000,1692343199999,5197538.20161110,3668,87.82198000,2325989.07834900,0
1692343200000,26488.77000000,26492.00000000,26466.00000000,26475.37000000,165.30371000,1692343499999,4376169.50941840,3881,67.30541000,1781764.63688340,0
1692343500000,26475.36000000,26477.62000000,26454.90000000,26455.22000000,155.64520000,1692343799999,4119754.18696100,3855,52.66153000,1393912.98516560,0
1692343800000,26455.22000000,26460.49000000,26436.00000000,26438.00000000,313.66171000,1692344099999,8296011.60144450,5240,155.20561000,4105072.32994730,0
1692344100000,26438.00000000,26476.60000000,26437.99000000,26476.60000000,271.48379000,1692344399999,7180571.41077760,4272,182.45791000,4825874.23885010,0
1692344400000,26476.60000000,26481.29000000,26441.95000000,26441.96000000,296.24409000,1692344699999,7838326.41328530,4754,150.61158000,3984703.99632160,0
1692344700000,26441.95000000,26468.00000000,26441.95000000,26457.27000000,263.53989000,1692344999999,6973367.69309490,3874,184.22599000,4874539.69959050,0
1692345000000,26457.27000000,26473.34000000,26452.78000000,26462.00000000,274.74667000,1692345299999,7270302.44875570,4411,169.13532000,4475497.80967910,0
1692345300000,26462.00000000,26466.44000000,26423.00000000,26429.99000000,480.26665000,1692345599999,12699564.72256200,7012,234.51765000,6201217.06978590,0
1692345600000,26430.00000000,26467.97000000,26420.96000000,26467.97000000,188.73065000,1692345899999,4989038.20313440,3640,104.60448000,2765734.64279930,0
1692345900000,26467.96000000,26495.88000000,26452.79000000,26495.87000000,137.17055000,1692346199999,3630231.85058650,3463,72.07498000,1907470.04373920,0
1692346200000,26495.88000000,26501.82000000,26491.94000000,26501.82000000,224.90884000,1692346499999,5959208.24333700,3527,115.61272000,3063322.02848770,0
1692346500000,26501.81000000,26501.83000000,26434.90000000,26434.91000000,232.71905000,1692346799999,6161783.79456500,5676,47.83674000,1266401.05979660,0
1692346800000,26434.91000000,26451.10000000,26427.47000000,26432.22000000,197.68447000,1692347099999,5227072.06400620,3964,86.01240000,2274297.64617370,0
1692347100000,26432.21000000,26455.37000000,26432.21000000,26450.43000000,137.25336000,1692347399999,3629874.08562990,3543,70.22290000,1857073.84483210,0
1692347400000,26450.43000000,26453.95000000,26436.29000000,26438.01000000,121.01941000,1692347699999,3200236.79475060,3085,45.04596000,1191200.25962980,0
1692347700000,26438.01000000,26451.66000000,26432.30000000,26436.00000000,117.52273000,1692347999999,3107313.11135680,3264,47.27921000,1250086.13751820,0
1692348000000,26435.99000000,26465.44000000,26434.22000000,26465.43000000,97.56865000,1692348299999,2580676.55005500,2454,67.45319000,1784295.73990710,0
1692348300000,26465.44000000,26519.53000000,26465.43000000,26514.22000000,287.30427000,1692348599999,7608989.78113040,4477,164.81191000,4365219.32736020,0
1692348600000,26514.21000000,26579.31000000,26498.46000000,26536.29000000,367.33176000,1692348899999,9750451.73171640,7142,192.74425000,5115971.18018210,0
1692348900000,26536.29000000,26595.47000000,26535.45000000,26591.69000000,312.77091000,1692349199999,8312937.19888960,5702,182.98998000,4863534.36637640,0
1692349200000,26591.68000000,26592.54000000,26541.04000000,26554.65000000,395.02859000,1692349499999,10495319.16054390,7988,123.96562000,3293473.20386240,0
1692349500000,26554.65000000,26585.55000000,26554.64000000,26577.01000000,142.01313000,1692349799999,3773496.75498290,3260,62.77007000,1667802.01597430,0
1692349800000,26577.00000000,26580.00000000,26554.64000000,26574.00000000,231.74724000,1692350099999,6157388.19434010,4262,105.85374000,2812413.12274860,0
1692350100000,26574.00000000,26603.41000000,26573.99000000,26601.64000000,140.69132000,1692350399999,3740626.62907400,3620,64.80792000,1723214.32802730,0
1692350400000,26601.64000000,26609.65000000,26554.00000000,26561.09000000,268.69896000,1692350699999,7141658.12763690,5517,62.26188000,1654553.50862650,0
1692350700000,26561.09000000,26563.68000000,26532.74000000,26543.39000000,204.84178000,1692350999999,5437286.62611960,4152,79.39612000,2107373.84921770,0
1692351000000,26543.40000000,26543.40000000,26506.91000000,26515.51000000,237.93144000,1692351299999,6310483.42889310,4476,54.27613000,1439431.84459870,0
1692351300000,26515.52000000,26531.59000000,26505.21000000,26511.56000000,265.85558000,1692351599999,7048900.95913520,4647,118.13181000,3131961.31731460,0
1692351600000,26511.56000000,26531.59000000,26502.06000000,26502.55000000,190.62084000,1692351899999,5055074.19163840,4138,73.99374000,1962231.17323550,0
1692351900000,26502.55000000,26508.00000000,26482.35000000,26489.74000000,124.66412000,1692352199999,3303051.90463750,3325,46.70473000,1237410.50384450,0
1692352200000,26489.73000000,26497.69000000,26473.54000000,26473.54000000,134.90338000,1692352499999,3573077.84153380,3354,58.27154000,1543468.86204580,0
1692352500000,26473.54000000,26474.45000000,26425.82000000,26451.61000000,277.51509000,1692352799999,7339910.28829290,5648,98.10119000,2594548.40409240,0
1692352800000,26451.61000000,26461.99000000,26432.25000000,26457.99000000,171.52956000,1692353099999,4536235.83016070,4427,74.02833000,1957748.45796500,0
1692353100000,26458.00000000,26465.23000000,26400.00000000,26412.21000000,207.38795000,1692353399999,5481916.38491140,4763,88.30200000,2333824.94953100,0
1692353400000,26412.21000000,26438.55000000,26388.00000000,26437.50000000,186.63069000,1692353699999,4929726.46533320,4337,85.13257000,2248881.11672920,0
1692353700000,26437.49000000,26460.00000000,26437.49000000,26441.26000000,104.57257000,1692353999999,2766195.71380020,2495,43.08278000,1139607.30780560,0
1692354000000,26441.27000000,26461.84000000,26430.65000000,26450.65000000,123.96248000,1692354299999,3278823.15678070,2457,68.37128000,1808282.36918960,0
1692354300000,26450.64000000,26450.65000000,26412.01000000,26417.78000000,162.38982000,1692354599999,4292668.21905690,2963,66.94528000,1769588.47860660,0
1692354600000,26417.78000000,26461.13000000,26417.78000000,26458.22000000,125.18932000,1692354899999,3310294.93295940,2686,72.50744000,1917220.72490900,0
1692354900000,26458.22000000,26468.67000000,26450.00000000,26457.42000000,125.66843000,1692355199999,3324965.96775340,2701,67.13094000,1776095.60396740,0
1692355200000,26457.41000000,26465.31000000,26432.46000000,26433.28000000,118.47639000,1692355499999,3133174.81267470,3238,57.10025000,1510005.32453300,0
1692355500000,26433.27000000,26445.78000000,26433.27000000,26439.63000000,108.67039000,1692355799999,2873309.11645920,2046,62.75229000,1659132.58816550,0
1692355800000,26439.63000000,26448.65000000,26437.56000000,26444.19000000,101.68280000,1692356099999,2688873.96105500,2261,50.90739000,1346139.19864040,0
1692356100000,26444.20000000,26458.49000000,26444.19000000,26452.08000000,108.94185000,1692356399999,2882116.55958820,2090,53.74203000,1421723.41604240,0
1692356400000,26452.07000000,26455.52000000,26444.44000000,26451.97000000,72.31864000,1692356699999,1912820.78043960,2152,29.27277000,774244.38978080,0
1692356700000,26451.97000000,26453.65000000,26433.35000000,26436.41000000,92.01449000,1692356999999,2433078.48285020,2575,21.92268000,579722.36237210,0
1692357000000,26436.41000000,26452.52000000,26433.04000000,26451.01000000,76.06712000,1692357299999,2011431.38467290,2137,42.99023000,1136758.07525050,0
1692357300000,26451.01000000,26465.75000000,26448.00000000,26448.00000000,156.98358000,1692357599999,4153030.36831570,2446,80.61424000,2132713.58619490,0
1692357600000,26448.00000000,26448.01000000,26432.12000000,26433.27000000,132.22294000,1692357899999,3496137.37910650,2612,46.44433000,1228017.94723150,0
1692357900000,26433.27000000,26433.27000000,26381.60000000,26401.06000000,304.51074000,1692358199999,8040736.28396490,5242,109.52049000,2891776.35324200,0
1692358200000,26401.06000000,26416.00000000,26386.32000000,26411.92000000,104.62697000,1692358499999,2762172.28083340,2498,50.32046000,1328476.40858310,0
1692358500000,26411.91000000,26414.00000000,26394.00000000,26412.01000000,85.80414000,1692358799999,2265683.06055590,2611,28.67945000,757272.01745860,0
1692358800000,26412.00000000,26512.00000000,26412.00000000,26479.99000000,282.85851000,1692359099999,7490714.69064040,4968,150.91053000,3995736.48388710,0
1692359100000,26479.99000000,26507.81000000,26470.83000000,26500.00000000,124.81263000,1692359399999,3306540.35603180,3301,61.63564000,1632774.76691530,0
1692359400000,26500.00000000,26514.28000000,26484.88000000,26498.00000000,185.83205000,1692359699999,4924559.32332470,3266,95.10276000,2520104.09399840,0
1692359700000,26498.00000000,26511.47000000,26490.00000000,26494.00000000,104.12981000,1692359999999,2759333.68211510,2522,35.44868000,939366.34415170,0
1692360000000,26494.00000000,26500.00000000,26458.75000000,26468.84000000,229.46879000,1692360299999,6076563.57154520,3936,83.71550000,2216719.35020990,0
1692360300000,26468.84000000,26468.84000000,26406.00000000,26410.01000000,194.39906000,1692360599999,5137599.99142430,3630,59.41563000,1570150.57163720,0
1692360600000,26410.01000000,26415.29000000,26340.00000000,26391.58000000,371.77238000,1692360899999,9807324.30428320,6269,165.54917000,4366581.10943390,0
1692360900000,26391.58000000,26417.32000000,26370.88000000,26380.00000000,203.98900000,1692361199999,5384536.26937330,3366,106.18942000,2803254.09340370,0
1692361200000,26380.01000000,26396.00000000,26364.31000000,26364.31000000,109.43196000,1692361499999,2887311.78442400,2616,30.42528000,802740.63644280,0
1692361500000,26364.32000000,26399.72000000,26351.25000000,26375.38000000,174.82590000,1692361799999,4610525.63417030,2945,64.04754000,1689037.21641620,0
1692361800000,26375.39000000,26387.91000000,26364.57000000,26387.91000000,193.00348000,1692362099999,5091366.98719750,2607,114.75803000,3027226.03095650,0
1692362100000,26387.91000000,26389.97000000,26370.30000000,26371.99000000,83.80799000,1692362399999,2210919.25007740,2416,37.18963000,981080.99694180,0
1692362400000,26371.99000000,26410.00000000,26340.00000000,26358.00000000,210.44673000,1692362699999,5550731.34134150,3858,103.60280000,2732607.77632080,0
1692362700000,26357.99000000,26371.55000000,26332.83000000,26336.00000000,149.80928000,1692362999999,3946652.07054590,3477,75.24267000,1982108.58081900,0
1692363000000,26336.00000000,26365.32000000,26333.79000000,26348.01000000,155.47054000,1692363299999,4095744.65902050,3326,86.73854000,2284960.96242630,0
1692363300000,26348.01000000,26369.50000000,26322.00000000,26328.02000000,200.15098000,1692363599999,5271688.29461570,4624,98.06846000,2582822.70199400,0
1692363600000,26328.02000000,26343.67000000,26310.82000000,26312.01000000,179.61621000,1692363899999,4728891.30768130,3465,83.93613000,2209848.28531150,0
1692363900000,26312.01000000,26318.00000000,26277.58000000,26284.00000000,340.92543000,1692364199999,8966409.14053100,5501,140.59704000,3697561.34091810,0
1692364200000,26284.01000000,26323.74000000,26246.34000000,26314.70000000,205.98550000,1692364499999,5413873.82342680,4569,95.76117000,2517066.12928510,0
1692364500000,26314.69000000,26333.00000000,26304.00000000,26304.40000000,165.38756000,1692364799999,4352533.82686160,2970,71.49090000,1881359.16623590,0
1692364800000,26304.39000000,26307.80000000,26244.06000000,26257.99000000,252.87545000,1692365099999,6644048.33794960,3905,86.09146000,2261330.63088960,0
1692365100000,26258.00000000,26273.24000000,26234.00000000,26256.01000000,227.93026000,1692365399999,5983774.41584650,4049,120.88905000,3173431.27786870,0
1692365400000,26256.01000000,26314.78000000,26248.00000000,26293.00000000,314.85960000,1692365699999,8275657.22419710,4334,171.92680000,4518364.04096140,0
1692365700000,26293.00000000,26353.61000000,26273.01000000,26319.99000000,205.82602000,1692365999999,5417468.56459360,3700,103.21279000,2716818.27362210,0
1692366000000,26320.00000000,26335.60000000,26252.55000000,26322.41000000,243.55950000,1692366299999,6402922.49979950,4656,108.03495000,2840293.42404650,0
1692366300000,26322.42000000,26384.74000000,26318.01000000,26354.60000000,293.53800000,1692366599999,7735695.27350190,5128,137.74948000,3630117.28508270,0
1692366600000,26354.61000000,26360.15000000,26270.00000000,26296.00000000,298.47149000,1692366899999,7855152.24251060,5060,115.61678000,3042548.27346010,0
1692366900000,26296.01000000,26306.00000000,26220.00000000,26241.78000000,301.41834000,1692367199999,7914252.76522340,5267,123.57676000,3244130.48847870,0
1692367200000,26241.78000000,26280.00000000,26211.00000000,26278.87000000,284.40083000,1692367499999,7462125.80773520,4363,145.52632000,3818296.33784370,0
1692367500000,26278.87000000,26278.87000000,26186.01000000,26202.02000000,459.34797000,1692367799999,12040721.16540790,6236,165.63839000,4341659.97052080,0
1692367800000,26202.02000000,26240.00000000,26176.00000000,26192.00000000,216.87452000,1692368099999,5682920.25922160,4321,97.56504000,2556426.50504960,0
1692368100000,26191.99000000,26217.07000000,26129.90000000,26152.00000000,458.80688000,1692368399999,12007836.24590710,7233,213.62881000,5591235.87899950,0
1692368400000,26152.00000000,26198.99000000,26152.00000000,26189.97000000,153.72263000,1692368699999,4024591.81434250,3489,80.39559000,2104795.93340560,0
1692368700000,26189.97000000,26233.46000000,26145.00000000,26164.01000000,216.45076000,1692368999999,5668404.48874220,4328,102.96363000,2696284.97310700,0
1692369000000,26164.00000000,26263.91000000,26158.62000000,26236.32000000,252.40712000,1692369299999,6617485.53736980,4535,135.73851000,3558560.71232050,0
1692369300000,26236.32000000,26252.00000000,26200.97000000,26249.35000000,218.80230000,1692369599999,5739657.05131850,3747,104.15934000,2732224.12624980,0
1692369600000,26249.35000000,26307.24000000,26248.01000000,26287.71000000,286.98684000,1692369899999,7542602.92071880,4759,139.85011000,3675249.22120820,0
1692369900000,26287.71000000,26287.71000000,26230.00000000,26238.01000000,148.46762000,1692370199999,3898325.96738380,3294,57.76400000,1516611.39797840,0
1692370200000,26238.01000000,26256.63000000,25981.88000000,26009.99000000,1046.40161000,1692370499999,27308268.66725380,15513,360.21540000,9405214.09468240,0
1692370500000,26009.99000000,26115.62000000,26004.07000000,26012.08000000,968.72148000,1692370799999,25236046.21061780,10468,447.60467000,11659053.11832200,0
1692370800000,26012.08000000,26143.46000000,26001.00000000,26139.15000000,723.24878000,1692371099999,18847041.30495530,8583,392.52407000,10228519.13502750,0
1692371100000,26139.15000000,26159.91000000,26074.01000000,26090.00000000,286.63918000,1692371399999,7484058.83929030,4882,138.79077000,3623828.00765800,0
1692371400000,26089.99000000,26210.00000000,26088.01000000,26175.99000000,460.25484000,1692371699999,12038868.67054460,6371,268.01644000,7009835.61269590,0
1692371700000,26176.00000000,26252.00000000,26175.99000000,26204.01000000,339.61646000,1692371999999,8906098.09514680,5365,177.76310000,4660989.85601130,0
1692372000000,26204.00000000,26204.01000000,26101.57000000,26140.01000000,313.26925000,1692372299999,8187101.83003850,5342,128.72168000,3364250.62453530,0
1692372300000,26140.01000000,26149.34000000,26079.02000000,26110.00000000,287.08714000,1692372599999,7497751.47175910,4372,125.36628000,3274015.08494120,0
1692372600000,26110.00000000,26134.28000000,26076.62000000,26113.99000000,229.24933000,1692372899999,5984344.96719350,3613,118.30767000,3087946.56451250,0
1692372900000,26113.99000000,26115.37000000,26060.00000000,26060.00000000,176.85554000,1692373199999,4613345.80445830,3519,66.04373000,1722738.70182890,0
1692373200000,26060.00000000,26078.14000000,26001.00000000,26070.85000000,470.77020000,1692373499999,12256091.81605080,5985,237.41914000,6181280.93746730,0
1692373500000,26070.86000000,26086.80000000,25983.96000000,25986.18000000,394.83272000,1692373799999,10274108.68078390,6000,142.36793000,3705063.89906910,0
1692373800000,25986.19000000,26028.00000000,25950.13000000,25959.63000000,407.91192000,1692374099999,10600921.49712900,5895,203.37319000,5285107.33268800,0
1692374100000,25959.62000000,26006.00000000,25931.95000000,26002.00000000,318.54095000,1692374399999,8274945.82317930,5054,178.15774000,4628261.72510340,0
1692374400000,26001.99000000,26080.00000000,25991.20000000,26080.00000000,355.61778000,1692374699999,9256674.27403780,5098,239.85933000,6243551.33385670,0
1692374700000,26079.99000000,26116.00000000,26070.44000000,26097.38000000,225.19288000,1692374999999,5875717.87168140,3813,131.51108000,3431336.32476190,0
1692375000000,26097.38000000,26141.85000000,26089.24000000,26093.83000000,289.80059000,1692375299999,7569030.63504840,4751,126.13265000,3294102.00640890,0
1692375300000,26093.82000000,26109.59000000,26043.98000000,26078.57000000,197.35538000,1692375599999,5145704.21332230,3774,88.84261000,2316286.48156980,0
1692375600000,26078.57000000,26078.57000000,26024.00000000,26036.25000000,138.82504000,1692375899999,3615553.76798170,3224,52.01173000,1354616.38084210,0
1692375900000,26036.25000000,26040.00000000,25990.01000000,26002.01000000,191.23795000,1692376199999,4974964.52997290,3845,80.39602000,2091505.50038240,0
1692376200000,26002.00000000,26054.77000000,25984.55000000,26038.00000000,302.95147000,1692376499999,7878199.06021160,4286,150.75753000,3919974.15508890,0
1692376500000,26038.00000000,26038.00000000,26000.01000000,26004.52000000,185.26324000,1692376799999,4819921.98439740,3108,64.93786000,1689061.11818040,0
1692376800000,26004.51000000,26043.59000000,25997.54000000,26024.62000000,125.35631000,1692377099999,3262255.43399890,2692,51.83189000,1348634.85884780,0
1692377100000,26024.62000000,26065.34000000,26000.00000000,26054.14000000,122.65257000,1692377399999,3193001.45394400,2595,62.62799000,1630444.95107940,0
1692377400000,26054.14000000,26079.92000000,25970.67000000,25975.99000000,179.49807000,1692377699999,4670762.45127330,3730,58.20430000,1514542.31288570,0
1692377700000,25975.99000000,25980.00000000,25769.04000000,25904.91000000,1081.54129000,1692377999999,27977699.61829370,14553,470.31586000,12162723.09404000,0
1692378000000,25904.90000000,25947.05000000,25846.34000000,25848.00000000,583.89458000,1692378299999,15120487.89225030,6759,295.61478000,7655975.87547050,0
1692378300000,25847.99000000,25875.63000000,25619.00000000,25725.06000000,1700.08422000,1692378599999,43758199.26084600,21278,785.43145000,20212608.57272680,0
1692378600000,25725.05000000,25774.64000000,25683.62000000,25760.66000000,683.01388000,1692378899999,17573664.18792580,9073,321.87057000,8281017.88342580,0
1692378900000,25760.65000000,25822.27000000,25721.35000000,25762.00000000,451.61318000,1692379199999,11637126.24801770,7043,218.45396000,5628792.23875170,0
1692379200000,25762.01000000,25772.00000000,25680.04000000,25709.94000000,515.75804000,1692379499999,13267566.85715180,7767,274.97776000,7073399.49299990,0
1692379500000,25709.93000000,25932.42000000,25709.93000000,25912.00000000,623.42591000,1692379799999,16108026.04399790,9178,340.15716000,8788219.90824170,0
1692379800000,25912.00000000,25980.00000000,25878.88000000,25900.00000000,596.55130000,1692380099999,15464790.84788670,7867,355.27290000,9210154.86941150,0
1692380100000,25900.00000000,26114.00000000,25896.72000000,26083.31000000,760.67681000,1692380399999,19788269.05697630,9951,415.92770000,10819430.54302570,0
1692380400000,26083.31000000,26110.59000000,26008.37000000,26039.47000000,471.73182000,1692380699999,12294141.20709770,6003,234.15861000,6101884.93639470,0
1692380700000,26039.46000000,26104.64000000,26020.00000000,26075.50000000,311.99429000,1692380999999,8130797.45074520,5240,173.88454000,4531506.75235300,0
1692381000000,26075.49000000,26090.00000000,26048.01000000,26061.75000000,149.72128000,1692381299999,3902802.50129140,3525,71.00319000,1850619.92265870,0
1692381300000,26061.74000000,26061.76000000,26004.00000000,26012.02000000,186.71727000,1692381599999,4857741.46295860,3640,76.71478000,1995582.58406810,0
1692381600000,26012.01000000,26026.61000000,25964.92000000,25964.92000000,142.26145000,1692381899999,3698186.70102440,4320,54.15487000,1407723.85919610,0
1692381900000,25964.93000000,25980.00000000,25924.84000000,25973.99000000,263.31934000,1692382199999,6834261.49829450,4722,115.74655000,3003784.77712810,0
1692382200000,25973.99000000,25977.99000000,25921.00000000,25940.98000000,197.07216000,1692382499999,5113475.59913660,3593,86.31950000,2239759.71728140,0
1692382500000,25940.97000000,26080.22000000,25940.97000000,26056.00000000,374.98063000,1692382799999,9764243.33771100,5128,228.21022000,5941489.71864480,0
1692382800000,26056.00000000,26072.00000000,26006.25000000,26039.99000000,191.04531000,1692383099999,4974761.11211640,3376,78.60555000,2046626.34665030,0
1692383100000,26040.00000000,26052.53000000,26010.27000000,26050.52000000,120.33953000,1692383399999,3132650.80396010,2630,46.74716000,1216897.46247060,0
1692383400000,26050.51000000,26074.33000000,26030.19000000,26053.99000000,168.88579000,1692383699999,4399829.06175550,2878,75.62667000,1969992.06122060,0
1692383700000,26054.00000000,26197.05000000,26053.99000000,26186.00000000,379.16009000,1692383999999,9912119.77326900,7130,222.01463000,5803364.49360010,0
1692384000000,26186.00000000,26195.21000000,26130.65000000,26174.10000000,326.22599000,1692384299999,8535286.25607620,4957,165.42030000,4328171.02016580,0
1692384300000,26174.11000000,26313.33000000,26134.00000000,26297.48000000,721.74647000,1692384599999,18933832.54814250,9037,372.14282000,9762315.37505560,0
1692384600000,26297.48000000,26301.19000000,26174.31000000,26203.04000000,379.87233000,1692384899999,9963934.41702240,6207,156.01585000,4092207.50769500,0
1692384900000,26203.04000000,26203.04000000,26106.79000000,26124.01000000,301.13273000,1692385199999,7872712.47537710,5165,123.94352000,3239955.23112310,0
1692385200000,26124.01000000,26124.01000000,26030.00000000,26068.00000000,489.70871000,1692385499999,12768382.30885020,6741,207.40188000,5406588.60370830,0
1692385500000,26068.00000000,26137.09000000,26034.00000000,26109.59000000,229.27116000,1692385799999,5982613.23032380,4080,121.87216000,3179940.96200490,0
1692385800000,26109.59000000,26109.59000000,26040.01000000,26071.69000000,164.43120000,1692386099999,4286742.76499770,3453,72.05851000,1878401.53703440,0
1692386100000,26071.70000000,26083.09000000,26048.02000000,26053.99000000,178.63585000,1692386399999,4655636.93951680,2808,69.20922000,1803676.16114200,0
1692386400000,26054.00000000,26102.24000000,26053.99000000,26077.00000000,128.12635000,1692386699999,3342214.25850060,2493,67.97190000,1772926.03819390,0
1692386700000,26077.00000000,26106.96000000,26068.00000000,26081.09000000,134.45605000,1692386999999,3507322.64974200,2681,76.09279000,1984721.81942570,0
1692387000000,26081.09000000,26091.80000000,26031.56000000,26041.67000000,161.82082000,1692387299999,4216877.61598620,3152,50.79494000,1323738.97945490,0
1692387300000,26041.67000000,26041.68000000,25992.00000000,26002.00000000,246.65047000,1692387599999,6417288.85885330,4423,108.47647000,2822288.67848360,0
1692387600000,26002.00000000,26042.00000000,26001.99000000,26028.00000000,126.32392000,1692387899999,3287188.85979490,2580,68.74892000,1789052.00672410,0
1692387900000,26027.99000000,26145.01000000,26024.35000000,26103.88000000,211.08637000,1692388199999,5508374.34307290,3988,114.46269000,2986141.44064700,0
1692388200000,26103.88000000,26114.00000000,26064.11000000,26068.56000000,153.84513000,1692388499999,4013214.99967260,2753,83.25163000,2171570.39393710,0
1692388500000,26068.55000000,26068.56000000,26014.34000000,26065.01000000,268.39894000,1692388799999,6989161.95175520,3651,119.67210000,3116117.83618630,0
1692388800000,26065.01000000,26112.59000000,26065.00000000,26094.00000000,142.14536000,1692389099999,3708264.94363190,2627,84.06063000,2192600.94454350,0
1692389100000,26094.01000000,26094.01000000,26049.02000000,26081.63000000,88.84837000,1692389399999,2315939.52552890,2159,41.30009000,1076495.91297340,0
1692389400000,26081.62000000,26152.22000000,26080.00000000,26133.99000000,307.06567000,1692389699999,8020424.85322960,3397,213.66169000,5579623.85210790,0
1692389700000,26133.99000000,26185.99000000,26130.00000000,26178.41000000,180.73051000,1692389999999,4728712.43092980,2977,113.59615000,2971784.97222800,0
1692390000000,26178.40000000,26197.05000000,26164.89000000,26174.00000000,98.02306000,1692390299999,2565982.39611850,2363,43.33542000,1134329.02272170,0
1692390300000,26174.00000000,26241.57000000,26165.71000000,26241.57000000,277.56541000,1692390599999,7275560.37845850,3781,165.12844000,4328043.60050090,0
1692390600000,26241.56000000,26243.80000000,26200.01000000,26211.99000000,149.85234000,1692390899999,3929697.23917820,3004,65.15915000,1708680.31718320,0
1692390900000,26212.00000000,26214.00000000,26182.29000000,26187.99000000,91.57224000,1692391199999,2399480.12914590,2468,32.03665000,839495.05718320,0
1692391200000,26188.00000000,26208.00000000,26174.66000000,26208.00000000,127.78027000,1692391499999,3346588.31827100,2352,74.82775000,1959759.16834000,0
1692391500000,26208.00000000,26208.00000000,26188.03000000,26204.00000000,76.72925000,1692391799999,2009920.00189280,2054,30.97470000,811308.99388990,0
1692391800000,26204.00000000,26204.00000000,26092.01000000,26118.01000000,280.65973000,1692392099999,7337930.01328220,4391,82.64664000,2159418.14062070,0
1692392100000,26118.02000000,26141.99000000,26066.79000000,26083.78000000,226.02713000,1692392399999,5901348.19002100,3712,91.33729000,2384619.87553850,0
1692392400000,26083.77000000,26127.29000000,26083.77000000,26124.84000000,136.74969000,1692392699999,3570375.52515870,2353,71.35167000,1862810.37462950,0
1692392700000,26124.85000000,26133.23000000,26115.16000000,26115.17000000,61.51332000,1692392999999,1607117.18055180,1830,15.80287000,412872.00056820,0
1692393000000,26115.16000000,26129.83000000,26103.06000000,26121.81000000,80.38663000,1692393299999,2099434.04236850,2220,36.31304000,948327.18722780,0
1692393300000,26121.81000000,26153.31000000,26121.80000000,26153.31000000,73.88079000,1692393599999,1931071.98842500,1786,45.50229000,1189276.58225090,0
1692393600000,26153.30000000,26177.70000000,26153.30000000,26173.10000000,90.19333000,1692393899999,2360053.42653930,2092,52.71203000,1379170.08122320,0
1692393900000,26173.11000000,26173.11000000,26110.01000000,26130.01000000,123.19610000,1692394199999,3219967.55702140,3359,31.86831000,832610.96147390,0
1692394200000,26130.01000000,26130.01000000,26084.85000000,26084.86000000,66.79691000,1692394499999,1744005.11186620,2193,7.41195000,193577.35024260,0
1692394500000,26084.85000000,26139.58000000,26073.78000000,26113.18000000,97.75856000,1692394799999,2552305.85576760,2770,44.43906000,1160182.46340730,0
1692394800000,26113.18000000,26134.87000000,26100.01000000,26100.01000000,82.61856000,1692395099999,2157854.14368440,1991,35.83928000,936117.60277370,0
1692395100000,26100.02000000,26100.02000000,26070.21000000,26097.34000000,73.15368000,1692395399999,1908407.84953890,2249,29.18639000,761370.30226660,0
1692395400000,26097.34000000,26097.34000000,26063.57000000,26063.57000000,56.74448000,1692395699999,1479859.52022600,2213,12.72663000,331909.54078010,0
1692395700000,26063.58000000,26087.09000000,26062.74000000,26062.75000000,63.37619000,1692395999999,1652471.95110640,2024,26.19065000,682829.75597400,0
1692396000000,26062.75000000,26108.06000000,26042.77000000,26108.06000000,113.41166000,1692396299999,2956068.02622560,2919,73.13672000,1906610.18238850,0
1692396300000,26108.05000000,26120.44000000,26081.29000000,26081.30000000,87.58195000,1692396599999,2285714.45199060,2637,33.63167000,877701.42704310,0
1692396600000,26081.30000000,26108.08000000,26070.86000000,26108.07000000,115.02559000,1692396899999,2999916.69556430,2827,81.20219000,2117848.25947690,0
1692396900000,26108.08000000,26110.59000000,26080.47000000,26080.47000000,108.30899000,1692397199999,2826531.67328890,2646,37.14755000,969423.45025100,0
1692397200000,26080.48000000,26081.98000000,26043.52000000,26061.21000000,190.84243000,1692397499999,4975128.57223960,3676,74.58654000,1944541.66670030,0
1692397500000,26061.21000000,26089.53000000,26040.14000000,26089.52000000,131.39105000,1692397799999,3423754.47807020,2919,72.81830000,1897572.33833430,0
1692397800000,26089.53000000,26089.53000000,26057.84000000,26080.53000000,52.87700000,1692398099999,1378720.70508410,1844,23.40644000,610255.78176130,0
1692398100000,26080.52000000,26091.37000000,26076.70000000,26084.01000000,95.58737000,1692398399999,2493315.45832320,2215,50.60242000,1319898.36814970,0
1692398400000,26084.00000000,26091.76000000,26069.50000000,26091.76000000,87.27544000,1692398699999,2276189.36274080,2297,57.51374000,1500063.32694950,0
1692398700000,26091.75000000,26106.00000000,26072.83000000,26074.42000000,73.38439000,1692398999999,1914807.67041450,1785,32.84595000,857043.36315630,0
1692399000000,26074.42000000,26083.27000000,26061.96000000,26083.26000000,38.77473000,1692399299999,1010881.19036330,1593,23.60940000,615525.91119510,0
1692399300000,26083.26000000,26091.04000000,26068.00000000,26071.99000000,52.13999000,1692399599999,1359622.06673430,1736,15.05674000,392636.43714160,0
1692399600000,26071.99000000,26081.93000000,26054.08000000,26079.51000000,63.06608000,1692399899999,1644039.57594420,2132,33.14822000,864064.10143190,0
1692399900000,26079.50000000,26094.49000000,26076.06000000,26085.86000000,68.15148000,1692400199999,1777803.08582400,1924,32.42106000,845709.95863150,0
1692400200000,26085.86000000,26085.87000000,26051.91000000,26051.91000000,44.07637000,1692400499999,1148953.03081620,2041,15.71917000,409742.98106560,0
1692400500000,26051.91000000,26062.82000000,26029.71000000,26034.00000000,98.16932000,1692400799999,2556861.93661210,2799,43.24756000,1126419.25320520,0
1692400800000,26034.00000000,26048.20000000,26030.54000000,26036.01000000,101.96582000,1692401099999,2655066.57255300,2165,28.84597000,751039.83523750,0
1692401100000,26036.00000000,26049.05000000,26022.81000000,26028.47000000,304.77797000,1692401399999,7935412.89781390,2389,81.85448000,2130938.17898080,0
1692401400000,26028.47000000,26036.20000000,26017.40000000,26017.41000000,71.20547000,1692401699999,1853228.91257810,2095,30.75342000,800452.68554930,0
1692401700000,26017.41000000,26044.01000000,26017.40000000,26034.79000000,91.62899000,1692401999999,2384862.50887080,1880,31.73985000,826094.56487150,0
1692402000000,26034.80000000,26034.80000000,26006.01000000,26031.53000000,146.61689000,1692402299999,3815110.49553470,2281,76.98864000,2003215.06003070,0
1692402300000,26031.53000000,26056.60000000,26026.00000000,26056.60000000,51.82385000,1692402599999,1349424.23561350,1412,30.01257000,781542.98044050,0
1692402600000,26056.59000000,26059.91000000,26050.00000000,26058.25000000,43.32130000,1692402899999,1128738.38180690,1595,23.60378000,614993.55431970,0
1692402900000,26058.26000000,26058.26000000,26042.82000000,26054.00000000,59.62750000,1692403199999,1553330.10577930,1432,17.95419000,467686.98804880,0
